USE Farmacia;

INSERT INTO Categoria (Nombre) VALUES
('Analgésicos'),
('Antiinflamatorios'),
('Aines'),
('Antibióticos'),
('Amoxicilina'),
('Cefalosporina'),
('Eritromicina'),
('Quinolona'),
('Ampicilina'),
('Vancomicina'),
('Azitromicina'),
('Penicilinas');

SELECT * FROM Categoria;

INSERT INTO Distrito (Nombre) VALUES
('Callao'),
('Bellavista'),	
('Carmen de La Legua'),	
('La Perla'),	
('La Punta'),	
('Mi Perú'),
('Ventanilla'),
('Lima'),	
('Ancón'),	
('Ate'),	
('Barranco'),	
('Breña'),	
('Carabayllo'),	
('Cieneguilla'),	
('Chaclacayo'),	
('Chorrillos'),	
('Comas'),	
('El Agustino'),	
('Independencia'),	
('Jesús María'),
('La Molina'),
('La Victoria'),	
('Lince'),
('Los Olivos'),	
('Lurigancho'),	
('Lurín'),
('Magdalena del Mar'),
('Miraflores'),
('Pachacámac'),	
('Pucusana'),
('Pueblo Libre'),
('Puente Piedra'),	
('Punta Hermosa'),
('Punta Negra'),
('Rímac'),	
('San Bartolo'),
('San Borja'),	
('San Isidro'),
('San Juan de Lurigancho'),	
('San Juan de Miraflores'),	
('San Luis'),
('San Martín de Porres'),	
('San Miguel'),	
('Santa Anita'),	
('Santa María del Mar'),
('Santa Rosa'),
('Santiago de Surco'),
('Surquillo'),
('Villa El Salvador'),
('Villa María del Triunfo');

SELECT * FROM Distrito;

INSERT INTO Cargo (Nombre) VALUES
('Cajero'),
('Vendedor'),
('Administrador');

SELECT * FROM Cargo;

INSERT INTO Laboratorio (Nombre) VALUES
('Genfar'),
('Farmindustria'),
('Laboratorios ac Farma S.A.'),
('Laboratorios Unidos S.A. (LUSA)'),
('Laboratorios Markos S.A.C.'),
('Productos Roche Q.F. S.A.'),
('Laboratorios Induquimica S.A.'),
('Grunenthal Peruana S.A.'),
('Boehringer Ingelheim'),
('Abbott Laboratorios S.A.'),
('Laboratorio Farmaceutico S.J. Roxfarma S.A.'),
('Abeefe Bristol Myers Squibb'),
('Laboratorios Elifarma S.A.'),
('B. Braun Medical Peru S.A.'),
('Pharmalab S.A.'),
('Laboratorios Garden House S.A.'),
('Laboratorio Sanderson S.A. Peru'),
('Bios Perú S.A.C.'),
('Farbioquimsa S.A.C.'),
('Lafrancol'),
('Corporacion Farmaceutica Gabblan'),
('Laboratorios Whitehall Wyeth S.A.'),
('Grupo Farma'),
('Ivax Peru S.A.'),
('Schein Farmaceutica del Peru S.A.'),
('Laboratorio Genfarma'),
('Laboratorios Welfark Peru S.A.'),
('Megafarma S.A.'),
('Andreu'),
('Farmaval Peru S.A'),
('Baires Pharma S.A.'),
('Master Farma'),
('Aquifac Farmedal'),
('Comiesa Druc S.A.C.'),
('Laboratorio Sofifarm S.A.C.'),
('Pharmadynam'),
('Hofarm S.A.C.'),
('Novo Lab S.A.C.');

SELECT * FROM Laboratorio;

INSERT INTO Farmacia (FarmaciaId, Nombre, Direccion, Telefono, DistritoId, Estado) VALUES
('FARMA-15471','Iqfarma','Avenida Santa Rosa 350','013120705',1,1),
('FARMA-15472','Boticas F&S','Avenida Emancipacion 729','01612046',2,0),
('FARMA-15473','Boticas Biomédica','Urb. Pachacámac II Etapa, Sector 4  Mz.B Lt.7','165120705',3,1),
('FARMA-15474','Botica Pharma Lunahuaná','Jiron Alfonso Ugarte Mz. D Sub. Lt.4D','015121701',4,1),
('FARMA-15475','Botica Jahnsen S.R.L.','Jiron Pablo Bermúdez 218 Urb.Santa Beatriz','011120707',5,1),
('FARMA-15476','Farmacia Fénix','Jirón Castilla, 332','018120701',6,0),
('FARMA-15477','Propharma','Calle Grau , 104','016120706',7,1),
('FARMA-15478','Farmacia Universal','Avenida Emancipación, 799','016120701',7,1),
('FARMA-15479','Boticas Kallpa S.A.C','Al Los Pinos Nro 125 0606','016120207',5,1),
('FARMA-15480','Previ-Farma S.A.C.','Av La Alborada Nro 1771 Ur Las Brisas Et.I','016121107',6,0),
('FARMA-15481','B & M Farma S.A.C.','Av Prolongacion Las Lomas Nro 1601 Pis 1 Ur Mangomarca Alta','016121507',2,1),
('FARMA-15482','Sernico S.A.C.','Av Coricancha Nro 306 Up Up Tahuantinsuyo Zn.Iii','016175207',20,1),
('FARMA-15483','Farhi E.I.R.L.','Mz Z1 Lt 18 As As Jorge Basadre','016115607',10,1),
('FARMA-15484','Valnix E.I.R. Limitada','Av Proceres De La Independencia Nro 2057 0708','016120159',3,1),
('FARMA-15485','Sg Farma del Peru S.A.C.','Nd Defensores Del Morro Mz D Lt 60 As As Sarita Colonia','016120658',4,1),
('FARMA-15486','Lab Medicas S.A.C.','Cl Monterrey Nro 221 Int 231 Ur Chacarilla Del Estanque','016120156',18,1);

SELECT * FROM Farmacia;

INSERT INTO Cliente (FarmaciaId, Nombre, ApellidoPaterno, ApellidoMaterno, Sexo, Dni, DistritoId, FechaRegistro, Tipo) VALUES
('FARMA-15471','Miranda','Torres','Ponce','F','01971563',1,'2018-11-27','N'),
('FARMA-15471','Violeta','Torres','Ponce','F','02967894',2,'2018-11-27','N'),
('FARMA-15472','Julio','Zamora','Ugarte','M','03975651',4,'2018-11-27','N'),
('FARMA-15474','Wendy','Salazar','Ruiz','F','04974456',4,'2018-11-27','N'),
('FARMA-15475','Marco','Robles','Costa','M','05917455',1,'2018-11-27','J'),
('FARMA-15476','Marta','Egea','Espejo','F','06977544',2,'2018-11-27','N'),
('FARMA-15477','Bryan','Camps','Espinoza','M','07975614',3,'2018-11-27','J'),
('FARMA-15477','Irene','Naranjo','Roma','F','08977351',10,'2018-11-27','N'),
('FARMA-15478','Ramón','Mora','Rivero','M','09977156',1,'2018-11-27','J'),
('FARMA-15479','Rubén','Nevado','Herrera','M','10971555',3,'2018-11-27','N'),
('FARMA-15473','Carlos','Moya','Sáez','M','11945456',4,'2018-11-27','N');

SELECT * FROM Cliente;

INSERT INTO Usuario (FarmaciaId, Correo, Clave, Nombre, CargoId, Estado) VALUES
('FARMA-15471','empelado1@farma.com','123456','Miguel',1,1),
('FARMA-15471','empelado2@farma.com','123456','Sergio',2,1),
('FARMA-15471','empelado3@farma.com','123456','Luis',3,1),
('FARMA-15471','empelado4@farma.com','123456','Lucia',1,0),
('FARMA-15471','empelado5@farma.com','123456','Ramón',1,1),
('FARMA-15471','empelado6@farma.com','123456','Tomas',2,0),
('FARMA-15471','empelado7@farma.com','123456','Pedro',3,1),
('FARMA-15471','empelado8@farma.com','123456','Barbara',1,0),
('FARMA-15471','empelado9@farma.com','123456','Carlos',2,1),
('FARMA-15471','empelado10@farma.com','123456','Richard',3,1),
('FARMA-15471','empelado11@farma.com','123456','Ricardo',2,1),
('FARMA-15471','empelado12@farma.com','123456','Irene',1,1),
('FARMA-15472','empelado13@farma.com','123456','Miguel',1,1),
('FARMA-15472','empelado14@farma.com','123456','Sergio',2,1),
('FARMA-15472','empelado15@farma.com','123456','Luis',3,1),
('FARMA-15472','empelado16@farma.com','123456','Lucia',1,0),
('FARMA-15472','empelado17@farma.com','123456','Ramón',1,1),
('FARMA-15472','empelado18@farma.com','123456','Tomas',2,0),
('FARMA-15472','empelado19@farma.com','123456','Pedro',3,1),
('FARMA-15472','empelado20@farma.com','123456','Barbara',1,0),
('FARMA-15472','empelado21@farma.com','123456','Carlos',2,1),
('FARMA-15472','empelado22@farma.com','123456','Richard',3,1),
('FARMA-15472','empelado23@farma.com','123456','Ricardo',2,1),
('FARMA-15472','empelado24@farma.com','123456','Irene',1,1),
('FARMA-15473','empelado25@farma.com','123456','Fiorella',1,1);

SELECT * FROM Usuario;

INSERT INTO Producto (FarmaciaId, Descripcion, Precio, Stock, CategoriaId, LaboratorioId) VALUES
('FARMA-15471','Asgesic 10mg',2,80,11,5),
('FARMA-15471','Asgesic 20mg',3.5,95,11,1),
('FARMA-15471','Asgesic 30mg',5,74,7,2),
('FARMA-15471','Asgesic 60mg',8.50,65,12,4),
('FARMA-15471','Dolalgial',3.20,76,9,5),
('FARMA-15471','Naclodil',5.00,43,8,6),
('FARMA-15471','Dolostop 20mg',6.00,54,10,6),
('FARMA-15471','Aspirina',1.00,99,7,1),
('FARMA-15471','Cafiaspirina',1.00,65,5,3),
('FARMA-15471','Dolpiret cmp',2.00,54,5,3),
('FARMA-15471','Dolpiret ssp',3.00,64,4,3),
('FARMA-15471','Dontoflamon cmp',2.50,3,10,3),
('FARMA-15471','Dontoflamon ssp',3.50,5,10,3),
('FARMA-15471','Ibuflamar',6.50,75,1,2),
('FARMA-15471','Piredol',5.00,48,1,1),
('FARMA-15471','Flamadin',3.00,46,2,1),
('FARMA-15471','Diprofen cmp',6.00,84,2,2),
('FARMA-15471','Diprofen ssp',7.50,46,1,1),
('FARMA-15471','Ibupronal forte',10.00,64,4,1),
('FARMA-15471','Ceflex 200mg',4.50,76,8,4),
('FARMA-15472','Asgesic 10mg',2,80,11,5),
('FARMA-15472','Asgesic 20mg',3.5,95,11,1),
('FARMA-15472','Asgesic 30mg',5,74,7,2),
('FARMA-15472','Asgesic 60mg',8.50,65,12,4),
('FARMA-15472','Dolalgial',3.20,76,9,5),
('FARMA-15472','Naclodil',5.00,43,8,6),
('FARMA-15472','Dolostop 20mg',6.00,54,10,6),
('FARMA-15472','Aspirina',1.00,99,7,1),
('FARMA-15472','Cafiaspirina',1.00,65,5,3),
('FARMA-15472','Dolpiret cmp',2.00,54,5,3),
('FARMA-15472','Dolpiret ssp',3.00,64,4,3),
('FARMA-15472','Dontoflamon cmp',2.50,3,10,3),
('FARMA-15472','Dontoflamon ssp',3.50,5,10,3),
('FARMA-15472','Ibuflamar',6.50,75,1,2),
('FARMA-15472','Piredol',5.00,48,1,1),
('FARMA-15472','Flamadin',3.00,46,2,1),
('FARMA-15472','Diprofen cmp',6.00,84,2,2),
('FARMA-15472','Diprofen ssp',7.50,46,1,1),
('FARMA-15472','Ibupronal forte',10.00,64,4,1),
('FARMA-15472','Ceflex 200mg',4.50,76,8,4),
('FARMA-15473','Asgesic 10mg',2,80,11,5),
('FARMA-15473','Asgesic 20mg',3.5,95,11,1),
('FARMA-15473','Asgesic 30mg',5,74,7,2),
('FARMA-15473','Asgesic 60mg',8.50,65,12,4),
('FARMA-15473','Dolalgial',3.20,76,9,5),
('FARMA-15473','Naclodil',5.00,43,8,6),
('FARMA-15473','Dolostop 20mg',6.00,54,10,6),
('FARMA-15473','Aspirina',1.00,99,7,1),
('FARMA-15473','Cafiaspirina',1.00,65,5,3),
('FARMA-15473','Dolpiret cmp',2.00,54,5,3),
('FARMA-15473','Dolpiret ssp',3.00,64,4,3),
('FARMA-15473','Dontoflamon cmp',2.50,3,10,3),
('FARMA-15473','Dontoflamon ssp',3.50,5,10,3),
('FARMA-15473','Ibuflamar',6.50,75,1,2),
('FARMA-15473','Piredol',5.00,48,1,1),
('FARMA-15473','Flamadin',3.00,46,2,1),
('FARMA-15473','Diprofen cmp',6.00,84,2,2),
('FARMA-15473','Diprofen ssp',7.50,46,1,1),
('FARMA-15473','Ibupronal forte',10.00,64,4,1),
('FARMA-15473','Ceflex 200mg',4.50,76,8,4),
('FARMA-15474','Asgesic 10mg',2,80,11,5),
('FARMA-15474','Asgesic 20mg',3.5,95,11,1),
('FARMA-15474','Asgesic 30mg',5,74,7,2),
('FARMA-15474','Asgesic 60mg',8.50,65,12,4),
('FARMA-15474','Dolalgial',3.20,76,9,5),
('FARMA-15474','Naclodil',5.00,43,8,6),
('FARMA-15474','Dolostop 20mg',6.00,54,10,6),
('FARMA-15474','Aspirina',1.00,99,7,1),
('FARMA-15474','Cafiaspirina',1.00,65,5,3),
('FARMA-15474','Dolpiret cmp',2.00,54,5,3),
('FARMA-15474','Dolpiret ssp',3.00,64,4,3),
('FARMA-15474','Dontoflamon cmp',2.50,3,10,3),
('FARMA-15474','Dontoflamon ssp',3.50,5,10,3),
('FARMA-15474','Ibuflamar',6.50,75,1,2),
('FARMA-15474','Piredol',5.00,48,1,1),
('FARMA-15474','Flamadin',3.00,46,2,1),
('FARMA-15474','Diprofen cmp',6.00,84,2,2),
('FARMA-15474','Diprofen ssp',7.50,46,1,1),
('FARMA-15474','Ibupronal forte',10.00,64,4,1),
('FARMA-15474','Ceflex 200mg',4.50,76,8,4),
('FARMA-15475','Asgesic 10mg',2,80,11,5),
('FARMA-15475','Asgesic 20mg',3.5,95,11,1),
('FARMA-15475','Asgesic 30mg',5,74,7,2),
('FARMA-15475','Asgesic 60mg',8.50,65,12,4),
('FARMA-15475','Dolalgial',3.20,76,9,5),
('FARMA-15475','Naclodil',5.00,43,8,6),
('FARMA-15475','Dolostop 20mg',6.00,54,10,6),
('FARMA-15475','Aspirina',1.00,99,7,1),
('FARMA-15475','Cafiaspirina',1.00,65,5,3),
('FARMA-15475','Dolpiret cmp',2.00,54,5,3),
('FARMA-15475','Dolpiret ssp',3.00,64,4,3),
('FARMA-15475','Dontoflamon cmp',2.50,3,10,3),
('FARMA-15475','Dontoflamon ssp',3.50,5,10,3),
('FARMA-15475','Ibuflamar',6.50,75,1,2),
('FARMA-15475','Piredol',5.00,48,1,1),
('FARMA-15475','Flamadin',3.00,46,2,1),
('FARMA-15475','Diprofen cmp',6.00,84,2,2),
('FARMA-15475','Diprofen ssp',7.50,46,1,1),
('FARMA-15475','Ibupronal forte',10.00,64,4,1),
('FARMA-15475','Ceflex 200mg',4.50,76,8,4);

SELECT * FROM Producto;
  
INSERT INTO OrdenVenta (FarmaciaId, Serie, Fecha, UsuarioId, ClienteId, Condicion) VALUES
('FARMA-15471','F001','2018-11-27',11,1,'PAGADO'),
('FARMA-15471','F001','2018-11-27',2,2,'PAGADO'),
('FARMA-15471','F001','2018-11-27',5,2,'PAGADO'),
('FARMA-15471','F001','2018-11-27',10,1,'PAGADO'),
('FARMA-15471','F001','2018-11-27',10,1,'PAGADO'),
('FARMA-15471','F001','2018-11-27',6,2,'PAGADO'),
('FARMA-15471','F002','2018-11-27',4,2,'PAGADO'),
('FARMA-15471','F002','2018-11-27',1,1,'PAGADO'),
('FARMA-15471','F002','2018-11-27',4,2,'ANULADO'),
('FARMA-15471','F002','2018-11-27',10,1,'PAGADO'),
('FARMA-15471','F002','2018-11-27',6,1,'PAGADO'),
('FARMA-15471','F002','2018-11-27',1,1,'PAGADO'),
('FARMA-15471','F002','2018-11-27',5,1,'PAGADO'),
('FARMA-15471','F002','2018-11-27',4,2,'PAGADO'),
('FARMA-15472','F002','2018-11-27',13,3,'PAGADO'),
('FARMA-15472','F002','2018-11-27',15,3,'PENDIENTE'),
('FARMA-15472','F002','2018-11-27',16,3,'PAGADO'),
('FARMA-15472','F002','2018-11-27',17,3,'PAGADO'),
('FARMA-15472','F003','2018-11-27',18,3,'PAGADO'),
('FARMA-15472','F003','2018-11-27',20,3,'PAGADO'),
('FARMA-15472','F003','2018-11-27',23,3,'PAGADO'),
('FARMA-15472','F003','2018-11-27',21,3,'PAGADO'),
('FARMA-15472','F003','2018-11-27',22,3,'PAGADO'),
('FARMA-15472','F003','2018-11-27',14,3,'PAGADO'),
('FARMA-15472','F003','2018-11-27',17,3,'PAGADO'),
('FARMA-15472','F003','2018-11-27',18,3,'PAGADO'),
('FARMA-15473','F003','2018-11-27',25,11,'ANULADO'),
('FARMA-15473','F003','2018-11-27',25,11,'PAGADO'),
('FARMA-15473','F003','2018-11-27',25,11,'PAGADO'),
('FARMA-15473','F003','2018-11-27',25,11,'PAGADO');	



INSERT INTO DetalleVenta (DetalleVentaId,FarmaciaId, ProductoId, Cantidad, Importe) VALUES
(1,'FARMA-15471',1,20,100.00),
(1,'FARMA-15471',2,10,50.00),
(1,'FARMA-15471',3,1,110.00),
(2,'FARMA-15471',4,12,150.00),
(3,'FARMA-15471',5,5,155.00),
(3,'FARMA-15471',6,4,14.00),
(3,'FARMA-15471',7,5,145.00),
(4,'FARMA-15471',8,3,10.00),
(4,'FARMA-15471',9,5,10.00),
(4,'FARMA-15471',10,4,15.00),
(5,'FARMA-15471',10,19,85.00);

SELECT * FROM OrdenVenta;
SELECT * FROM DetalleVenta;